Q,A
"""Which event triggered the beginning of World War II, and what was its date?""","""The invasion of Poland by Germany on September 1, 1939, triggered the beginning of World War II."""
"""What were the major Axis powers during World War II, and who were their respective leaders?""","""The major Axis powers were Germany, Italy, and Japan. The leaders were Adolf Hitler (Germany), Benito Mussolini (Italy), and Emperor Hirohito (Japan)."""
"""Which famous naval battle in the Pacific during World War II is often considered a turning point in favor of the Allied forces?""","""The Battle of Midway (June 4-7, 1942) is often considered a turning point in favor of the Allied forces in the Pacific."""
"""What was the Manhattan Project, and what role did it play in the outcome of World War II?""","""The Manhattan Project was a research and development project during World War II in which the United States, with the support of the United Kingdom and Canada, developed the first nuclear weapons. It played a crucial role in the Allied victory as atomic bombs were eventually dropped on the Japanese cities of Hiroshima and Nagasaki."""
"""What was the significance of the D-Day landings, and which beaches were the primary landing sites for the Allied forces in Normandy?""","""The D-Day landings, which occurred on June 6, 1944, were a significant turning point in World War II. The primary landing sites for the Allied forces in Normandy were Utah Beach, Omaha Beach, Gold Beach, Juno Beach, and Sword Beach."""
"""What was the significance of the Battle of Stalingrad during World War II?""","""The Battle of Stalingrad, fought between 1942 and 1943, was a major turning point in favor of the Allies on the Eastern Front. The Soviet Union successfully defended the city, marking the first significant German defeat."""
"""Who were the major Allied powers during World War II, and who were their respective leaders?""","""The major Allied powers were the United States, the Soviet Union, the United Kingdom, and China. The leaders were Franklin D. Roosevelt (U.S.), Joseph Stalin (USSR), Winston Churchill (U.K.), and Chiang Kai-shek (China)."""
"""What was the Holocaust, and how did it impact the course of World War II?""","""The Holocaust was the systematic genocide perpetrated by Nazi Germany during World War II, resulting in the mass murder of six million Jews. It had a profound impact on the war's moral and ethical dimensions and strengthened the Allies' resolve to defeat the Axis powers."""
"""Which country did Japan invade in 1937, marking the beginning of its involvement in World War II?""","""Japan invaded China in 1937, marking the beginning of its involvement in World War II. This event is often referred to as the Second Sino-Japanese War."""
"""What was the outcome of the Nuremberg Trials held after World War II, and what was their significance?""","""The Nuremberg Trials were a series of military tribunals held to prosecute prominent leaders of Nazi Germany for war crimes. The trials resulted in several convictions and established important principles of international law, holding individuals accountable for crimes against humanity."""
"""What was the significance of the Battle of Britain during World War II?""","""The Battle of Britain (1940) was a pivotal air campaign where the Royal Air Force (RAF) successfully defended the United Kingdom against German air attacks, preventing a German invasion and boosting Allied morale."""
"""Which famous conference among Allied leaders took place during World War II, and what decisions were made there?""","""The Tehran Conference (1943) among Roosevelt, Churchill, and Stalin discussed strategic plans and coordination against the Axis. They agreed on opening a second front in Western Europe and discussed post-war plans."""
"""What was the 'Blitzkrieg,' and how did it impact the early stages of World War II?""","""'Blitzkrieg' refers to Germany's strategy of rapid and overwhelming attacks, using combined arms and speed. It was effective in the early stages of WWII, facilitating the swift conquest of Poland and other European countries."""
"""Who were the key military commanders during the Pacific War, and what were their notable contributions?""","""Admiral Chester W. Nimitz (U.S.) and General Douglas MacArthur (U.S.) were key commanders. Nimitz led naval forces, while MacArthur orchestrated Allied land campaigns, such as the liberation of the Philippines."""
"""What was the significance of the Battle of Kursk on the Eastern Front?""","""The Battle of Kursk (1943) was the largest tank battle in history. The Soviets defeated the Germans, halting their advance and initiating a series of offensives that led to the Soviet push towards Germany."""
"""What was the Enigma machine, and how did it contribute to the Allied victory?""","""The Enigma machine was a German cipher device. Allied codebreakers, notably at Bletchley Park, decrypted its messages, providing critical intelligence and aiding the Allies in the war effort."""
"""What role did women play in various countries during World War II?""","""Women played crucial roles in wartime industries, nursing, and armed forces. The Soviet Union had female snipers, the U.S. had the 'Rosie the Riveter' campaign, and the UK's Women's Auxiliary Air Force contributed significantly."""
"""What was the 'Island Hopping' strategy in the Pacific, and who developed it?""","""The 'Island Hopping' strategy was devised by Admiral Chester W. Nimitz and involved bypassing heavily fortified Japanese-held islands and capturing strategically important ones, gradually moving closer to Japan."""
"""What was the significance of the Yalta Conference, and what agreements were reached?""","""The Yalta Conference (1945) involved Roosevelt, Churchill, and Stalin. They discussed post-war Europe, decided on the division of Germany, and agreed to create the United Nations to promote international cooperation."""
"""How did the Marshall Plan contribute to the post-war recovery of Europe after World War II?""","""The Marshall Plan (1948-1951) was a U.S. initiative providing economic aid to Western European countries. It played a crucial role in rebuilding war-torn economies and preventing the spread of communism in Europe."""
"""What was the significance of the Battle of El Alamein in North Africa during World War II?""","""The Battle of El Alamein (1942) was a decisive Allied victory over the Axis powers in North Africa, led by British General Montgomery. It marked a turning point in the North African campaign."""
"""Who were the Big Three, and what conferences did they attend during World War II?""","""The Big Three were Roosevelt (U.S.), Churchill (U.K.), and Stalin (USSR). They attended conferences like Tehran (1943), Yalta (1945), and Potsdam (1945) to coordinate wartime strategy and plan for the post-war era."""
"""What was the Atlantic Charter, and how did it influence the post-war world order?""","""The Atlantic Charter (1941) outlined the goals of the Allies, emphasizing self-determination and a post-war world based on democratic principles. It laid the foundation for the United Nations and influenced post-war diplomacy."""
"""Which military operation was the largest amphibious assault in history, and when did it take place?""","""Operation Overlord, the D-Day landings on June 6, 1944, was the largest amphibious assault in history. Allied forces landed on Normandy beaches, marking a significant turning point in the Western Front."""
"""What was the significance of the Battle of Guadalcanal in the Pacific theater?""","""The Battle of Guadalcanal (1942-1943) was a pivotal Allied victory over Japan, halting Japanese expansion in the Pacific. It marked the beginning of the Allies' offensive in the Pacific."""
"""What was the role of the French Resistance during World War II?""","""The French Resistance was a network of individuals resisting German occupation in France. They engaged in sabotage, espionage, and guerrilla warfare, contributing to the liberation of France."""
"""What was the Bataan Death March, and how did it impact prisoners of war during World War II?""","""The Bataan Death March (1942) was a forced march of U.S. and Filipino prisoners of war by Japanese forces. Thousands died due to harsh conditions, making it a symbol of Japanese wartime atrocities."""
"""How did the war in the Pacific end, and what were the consequences of the dropping of atomic bombs on Japan?""","""The war in the Pacific ended in 1945 after the U.S. dropped atomic bombs on Hiroshima and Nagasaki. The bombings led to Japan's surrender, but also raised ethical and political questions about nuclear warfare."""
"""What was the role of the Tuskegee Airmen during World War II?""","""The Tuskegee Airmen were a group of African American pilots who served in the U.S. Army Air Forces. They distinguished themselves in combat and played a significant role in breaking racial barriers in the military."""
"""How did the Nisei soldiers contribute to the U.S. war effort during World War II?""","""Nisei soldiers, Japanese Americans, served in the U.S. military, including the 442nd Regimental Combat Team. Despite facing discrimination, they became one of the most decorated units for their bravery and service."""
"""What was the significance of the Battle of the Bulge, and when did it take place?""","""The Battle of the Bulge (1944-1945) was the last major German offensive on the Western Front during World War II. It took place in the Ardennes region and marked a significant Allied victory."""
"""What were the Nuremberg Trials, and what was their purpose?""","""The Nuremberg Trials were a series of military tribunals held after World War II to prosecute prominent leaders of Nazi Germany for war crimes and crimes against humanity. The trials aimed to bring perpetrators to justice."""
"""Who were the Flying Tigers, and what role did they play in the Pacific theater?""","""The Flying Tigers were a group of American volunteer aviators who fought in China against Japanese forces before the U.S. entered World War II. They played a crucial role in defending China against Japanese aggression."""
"""What was the Battle of Iwo Jima, and why was it significant?""","""The Battle of Iwo Jima (1945) was a major battle between U.S. Marines and the Imperial Japanese Army. The capture of Iwo Jima provided a strategic base for U.S. aircraft and was a key step toward the Allied victory in the Pacific."""
"""How did World War II impact the global economy, and what was its aftermath?""","""World War II led to significant economic changes globally. Post-war, the Marshall Plan helped in the economic recovery of Europe, and the war set the stage for the United States and the Soviet Union as superpowers in the Cold War era."""
"""What were the roles of codebreakers during World War II, and how did their efforts influence the outcome of the war?""","""Codebreakers played a crucial role in deciphering enemy codes and providing valuable intelligence. The efforts at Bletchley Park (UK) and other locations significantly impacted the Allied war strategy and outcomes."""
"""What was the significance of the Battle of Coral Sea in the Pacific theater?""","""The Battle of Coral Sea (1942) was a naval battle between the U.S. and Japanese forces. It marked the first time in history that opposing fleets fought without directly seeing each other, using carrier-based aircraft."""
"""What was the role of propaganda during World War II, and how did it shape public opinion?""","""Propaganda played a significant role in shaping public opinion during World War II. Governments used various media to influence public perception, boost morale, and garner support for the war effort."""
"""What was the Warsaw Uprising, and what were its consequences?""","""The Warsaw Uprising (1944) was an armed resistance by the Polish Home Army against German occupation. Despite fierce fighting, the uprising was suppressed by the Germans, leading to significant destruction in Warsaw."""
"""What was the significance of the Battle of Okinawa in the Pacific theater?""","""The Battle of Okinawa (1945) was a major amphibious assault by the U.S. against Japanese forces. It was one of the bloodiest battles in the Pacific, and its outcome influenced the decision to drop atomic bombs on Japan."""
"""What was the role of the Lend-Lease Act in World War II, and which countries benefited from it?""","""The Lend-Lease Act (1941) allowed the U.S. to provide military aid to Allied nations, including the Soviet Union, the United Kingdom, China, and others, without immediate payment."""
"""What was the Molotov-Ribbentrop Pact, and how did it impact the early stages of World War II?""","""The Molotov-Ribbentrop Pact (1939) was a non-aggression treaty between Nazi Germany and the Soviet Union. It allowed Hitler to proceed with the invasion of Poland without fearing Soviet intervention."""
"""What was the role of the Wannsee Conference, and what decisions were made during this meeting?""","""The Wannsee Conference (1942) was a meeting where Nazi officials discussed the 'Final Solution' for the systematic genocide of European Jews. It marked a key moment in the implementation of the Holocaust."""
"""What were the Nomonhan Incident and its impact on Japanese-Soviet relations before World War II?""","""The Nomonhan Incident (1939) was a border conflict between Japan and the Soviet Union. The decisive Soviet victory influenced Japanese military strategy, leading them to focus on the Pacific rather than a northern expansion."""
"""How did World War II impact the global balance of power and contribute to the emergence of the Cold War?""","""World War II led to the decline of European colonial powers and the emergence of the United States and the Soviet Union as superpowers, setting the stage for the Cold War."""
"""What was the role of radar technology during World War II, and how did it affect military strategies?""","""Radar technology played a crucial role in air defense and military strategies during World War II. It provided early warning of enemy aircraft and influenced tactical decisions in various theaters."""
"""What was the significance of the Battle of Monte Cassino in the Italian Campaign during World War II?""","""The Battle of Monte Cassino (1944) was a series of battles fought in Italy. The Allies aimed to capture the strategic Monte Cassino monastery, and its capture opened the way for the liberation of Rome."""
"""What were the major advancements in aviation technology during World War II, and how did they impact the course of the war?""","""World War II saw significant advancements in aviation technology, including the development of jet engines and long-range bombers. These innovations had a profound impact on air warfare and strategic bombing campaigns."""
"""What was the significance of the Warsaw Pact, and how did it contribute to the geopolitical landscape after World War II?""","""The Warsaw Pact (1955) was a military alliance among the Soviet Union and its satellite states in Eastern Europe. It was a response to NATO and played a role in the Cold War's division of Europe."""
"""How did the wartime economy during World War II lead to social and cultural changes in various countries?""","""The wartime economy led to social and cultural changes, including increased opportunities for women in the workforce, migration patterns, and the emergence of new technologies, shaping the post-war world."""
"""What was the role of Operation Paperclip after World War II, and how did it impact scientific advancements?""","""Operation Paperclip (1945-1959) was a U.S. effort to recruit German scientists, including former Nazis, to work on American projects. It significantly influenced scientific and technological advancements during the Cold War."""
"""What was the significance of the Battle of Kasserine Pass in the North African Campaign?""","""The Battle of Kasserine Pass (1943) was a series of engagements in North Africa. It highlighted the need for improved Allied coordination and marked a learning experience that contributed to later successes."""
"""What was the role of women in the Home Front during World War II, and how did it differ among Allied nations?""","""Women played crucial roles in the Home Front, taking up jobs in industries and services. Their contributions varied among Allied nations, with some granting women greater opportunities and recognition."""
"""What was the impact of the B-29 Superfortress and its use in the Pacific theater during World War II?""","""The B-29 Superfortress was a strategic bomber used by the U.S. in the Pacific. Its long range and ability to carry heavy payloads made it instrumental in the air campaign against Japan, including the bombing of Hiroshima and Nagasaki."""
"""What were the reasons behind the U.S. internment of Japanese Americans during World War II, and what were the consequences?""","""The U.S. interned Japanese Americans during World War II due to wartime hysteria and anti-Japanese sentiment. The internment had severe consequences on the affected communities, leading to long-lasting social and economic impacts."""
"""What was the role of the U.S. Office of War Information, and how did it influence wartime propaganda and communication?""","""The U.S. Office of War Information (1942-1945) was responsible for disseminating wartime information and propaganda. It played a key role in shaping public perception and maintaining morale during World War II."""
"""What were the key elements of the Atlantic Wall, and how did it impact the D-Day landings?""","""The Atlantic Wall was a German defensive line along the coast of Western Europe. While it posed challenges, the Allies successfully breached it during the D-Day landings, contributing to the liberation of Western Europe."""
"""How did the Battle of Leyte Gulf contribute to the Allied victory in the Pacific?""","""The Battle of Leyte Gulf (1944) was a major naval engagement in the Pacific. The Allied victory secured the liberation of the Philippines and marked a turning point in favor of the Allies."""
"""What was the impact of the Battle of the Coral Sea on naval warfare, and what were its strategic implications?""","""The Battle of the Coral Sea (1942) was a pivotal naval battle that introduced carrier-based aircraft. While inconclusive, it halted Japanese expansion and demonstrated the significance of naval air power in future engagements."""
"""What was the significance of the Nisei linguists in the Pacific theater, and how did their language skills contribute to the Allied efforts?""","""Nisei linguists, Japanese Americans, played a crucial role in the Pacific theater by utilizing their language skills to intercept and interpret Japanese communications. Their contributions were instrumental in gaining intelligence advantages."""
"""What was the role of the Red Ball Express, and how did it support Allied forces in Europe?""","""The Red Ball Express was a logistical operation during the European Campaign, providing rapid truck convoy support to Allied forces. It played a critical role in maintaining the flow of supplies during the advance into German-occupied territory."""
"""What was the significance of the Battle of Tarawa in the Pacific theater, and how did amphibious tactics evolve?""","""The Battle of Tarawa (1943) was a crucial amphibious assault in the Pacific. It highlighted the challenges of island-hopping and led to improvements in amphibious tactics and equipment for future Pacific operations."""
"""What were the main goals and outcomes of the Tehran Conference held during World War II?""","""The Tehran Conference (1943) aimed to coordinate Allied strategy against the Axis powers. The main outcomes included agreements on the opening of a second front in Western Europe and discussions about post-war plans."""
"""What was the impact of the V-2 rocket on the Western Front, and how did it influence the later development of ballistic missiles?""","""The V-2 rocket was a German ballistic missile used against Allied cities. While its impact was limited militarily, it marked the beginning of the era of ballistic missiles, influencing post-war technological developments."""
"""What was the role of the French Foreign Legion during World War II, and in which theaters did it operate?""","""The French Foreign Legion served in various theaters during World War II, including North Africa and the Mediterranean. It played a crucial role in supporting Free French forces and resisting Axis occupation."""
"""How did the Battle of the Aleutian Islands impact the Pacific theater, and what were its strategic implications?""","""The Battle of the Aleutian Islands (1942-1943) was a series of engagements in the Alaskan archipelago. While not decisive, it demonstrated the importance of controlling the North Pacific and protecting the U.S. mainland from Japanese threats."""
"""What was the significance of the Warsaw Uprising in the context of resistance movements during World War II?""","""The Warsaw Uprising (1944) was a major act of resistance against German occupation. Despite its suppression, it symbolized the spirit of resistance and national pride, particularly in the face of adversity."""
"""How did the Yalta Conference contribute to the post-war division of Europe, and what were the agreements reached among the Allied leaders?""","""The Yalta Conference (1945) contributed to the post-war division of Europe. Agreements included the division of Germany and plans for establishing the United Nations, shaping the geopolitical landscape of the Cold War."""
"""What were the key features of the Battle of Hürtgen Forest, and how did it impact the Allied advance in Western Europe?""","""The Battle of Hürtgen Forest (1944-1945) was a prolonged and costly engagement in Western Europe. While inconclusive, it hindered the Allied advance and showcased the challenges of fighting in dense, fortified terrain."""
"""What were the causes and consequences of the forced population transfers and mass migrations in Europe after World War II?""","""Forced population transfers and mass migrations in Europe after World War II were driven by factors such as border changes and ethnic tensions. The consequences included significant demographic shifts and challenges in resettlement and integration."""
"""What was the role of General George S. Patton in World War II, and in which theaters did he operate?""","""General George S. Patton was a prominent U.S. military leader known for his leadership in North Africa, Sicily, and Western Europe. His aggressive tactics and keen strategic mind played a key role in Allied successes."""
"""How did the Battle of Ia Drang contribute to the Vietnam War, and what were its strategic implications?""","""The Battle of Ia Drang (1965) was a significant engagement in the Vietnam War, marking the first major battle between U.S. and North Vietnamese forces. It influenced military strategies and tactics in the subsequent years of the conflict."""
"""What was the significance of the B-17 Flying Fortress in the European Theater, and how did it impact strategic bombing campaigns?""","""The B-17 Flying Fortress was a key U.S. bomber in the European Theater. Its ability to conduct daylight precision bombing missions had a significant impact on the strategic bombing campaigns against Axis targets."""
"""What was the role of the Office of Strategic Services (OSS) during World War II, and how did it contribute to intelligence and special operations?""","""The OSS was a U.S. intelligence agency during World War II, conducting espionage, sabotage, and special operations. It laid the groundwork for the post-war CIA and influenced modern intelligence practices."""
"""What were the motivations behind the Vichy regime's collaboration with Nazi Germany during World War II, and what were the consequences?""","""The Vichy regime in France collaborated with Nazi Germany for various reasons, including maintaining some degree of autonomy and internal stability. The collaboration had significant consequences, including public resentment and post-war legal actions."""
"""What was the impact of the Battle of Crete in the Mediterranean theater, and how did it influence airborne warfare?""","""The Battle of Crete (1941) was a German airborne invasion of the island. Despite German victory, the high casualties suffered led to a reevaluation of airborne tactics and strategies by both Allied and Axis forces."""
"""How did the U.S. Home Front contribute to the war effort during World War II, and what were the main initiatives and sacrifices made by civilians?""","""The U.S. Home Front played a crucial role in supporting the war effort. Initiatives included rationing, victory gardens, and women entering the workforce. Civilians made significant sacrifices, contributing to the overall success of Allied forces."""
"""What was the significance of the Battle of Leyte Gulf in the Pacific theater, and how did it impact the liberation of the Philippines?""","""The Battle of Leyte Gulf (1944) was a major naval battle in the Pacific. The Allied victory secured the liberation of the Philippines and marked a turning point in the Pacific campaign against Japan."""
"""How did the Battle of Sedan contribute to the rapid German advance in the early stages of World War II, and what were its strategic implications?""","""The Battle of Sedan (1940) was a key engagement in the German Blitzkrieg against France. The rapid German victory had strategic implications, leading to the fall of France and influencing subsequent military strategies."""
"""What was the role of the Chindits in the Burma Campaign, and how did they contribute to Allied efforts in Southeast Asia?""","""The Chindits were a special force organized by British Army officer Orde Wingate for guerrilla warfare in the Burma Campaign. They conducted deep penetration missions behind Japanese lines, disrupting enemy communication and supply lines."""
"""What was the impact of the Battle of Attu in the Aleutian Islands, and how did it contribute to the recapture of U.S. territory?""","""The Battle of Attu (1943) was a U.S. operation to recapture the Aleutian Islands from Japanese forces. Its success marked the first time U.S. territory occupied by a foreign power was retaken during World War II."""
"""What were the goals and outcomes of the Casablanca Conference, and how did it shape Allied strategies in 1943?""","""The Casablanca Conference (1943) involved Allied leaders, including Roosevelt and Churchill. They discussed strategic goals for the upcoming year, including the unconditional surrender of Axis powers and the launching of the Italian Campaign."""
"""What was the impact of the Warsaw Pact on the geopolitical situation in Eastern Europe during the Cold War?""","""The Warsaw Pact (1955) was a military alliance among Soviet Union and its satellite states in Eastern Europe. It solidified Soviet control over the region during the Cold War, creating a counterbalance to NATO in the West."""
"""What were the key features of the Battle of Stalingrad, and how did it impact the Eastern Front during World War II?""","""The Battle of Stalingrad (1942-1943) was a turning point on the Eastern Front. The Soviet victory marked the first major German defeat and led to a change in momentum, contributing to the overall Allied success."""
"""How did the U.S. involvement in the China-Burma-India Theater impact the overall Allied strategy in Asia during World War II?""","""The U.S. involvement in the China-Burma-India (CBI) Theater aimed to support Chinese resistance against Japan. Despite logistical challenges, it influenced overall Allied strategy and contributed to Japanese diversion of resources."""
"""What was the role of the Free French Forces during World War II, and in which theaters did they operate?""","""The Free French Forces, led by Charles de Gaulle, were composed of French troops who opposed the Vichy regime. They fought in various theaters, including North Africa, Italy, and the liberation of France, contributing to the Allied cause."""
"""What were the key elements of the Battle of the Scheldt, and how did its outcome impact the Allied advance in Western Europe?""","""The Battle of the Scheldt (1944) aimed to open the port of Antwerp for Allied use. Its success facilitated the flow of supplies to the front lines and played a crucial role in the Allied advance in Western Europe."""
"""How did the United Nations Relief and Rehabilitation Administration (UNRRA) contribute to post-war recovery efforts after World War II?""","""UNRRA, established in 1943, provided humanitarian aid and relief to war-torn countries after World War II. It played a key role in post-war recovery, providing food, medical assistance, and rebuilding efforts."""
"""What was the impact of the Battle of Saipan in the Pacific theater, and how did it contribute to the Allied strategy in the Pacific?""","""The Battle of Saipan (1944) was a significant U.S. victory in the Pacific. Its capture provided a base for B-29 bombers, influencing the air campaign against Japan and setting the stage for further Allied advances."""
"""How did the Battle of the Atlantic evolve during World War II, and what were the key tactics employed by both Allied and Axis forces?""","""The Battle of the Atlantic (1939-1945) involved the struggle for control of shipping routes. U-boats and Allied naval forces engaged in submarine warfare and convoy protection, influencing the flow of supplies between North America and Europe."""
"""What was the role of the Flying Fortresses in the strategic bombing campaign over Europe during World War II, and how did they contribute to the Allied victory?""","""The Flying Fortresses, primarily the B-17, played a crucial role in the strategic bombing campaign over Europe. They carried out daylight precision bombing raids, targeting German industrial and military sites, contributing to the weakening of the Axis war machine."""
"""What were the key outcomes of the Potsdam Conference, and how did it shape the post-war division of Germany?""","""The Potsdam Conference (1945) involved Allied leaders discussing post-war Europe. Key outcomes included the division of Germany into occupation zones and the beginning of Cold War tensions between the United States and the Soviet Union."""
"""How did the Battle of Peleliu in the Pacific theater impact the Allied strategy in the island-hopping campaign?""","""The Battle of Peleliu (1944) was a challenging amphibious assault in the Pacific. Its fierce resistance from Japanese forces led to reevaluations in Allied amphibious tactics, influencing subsequent island-hopping operations."""
"""What was the role of the Manhattan Project in the development of nuclear weapons during World War II, and how did it affect the outcome of the war?""","""The Manhattan Project (1939-1945) was a research and development project that produced the first nuclear weapons. It played a pivotal role in the Allied victory, as atomic bombs were dropped on Hiroshima and Nagasaki, hastening Japan's surrender."""
"""How did the Battle of Midway in the Pacific theater become a turning point in favor of the Allies, and what were its strategic implications?""","""The Battle of Midway (1942) marked a turning point in the Pacific. The U.S. Navy's victory over the Japanese fleet weakened Japan's naval power and shifted the momentum in favor of the Allies."""
"""What was the role of the British Special Operations Executive (SOE) during World War II, and how did it contribute to Allied covert operations?""","""The SOE was a British organization conducting covert operations and sabotage against Axis forces. It played a key role in supporting resistance movements and gathering intelligence in occupied territories."""
"""What were the key elements of the Battle of the Bulge, and how did it impact the Western Front during the winter of 1944-1945?""","""The Battle of the Bulge (1944-1945) was a German offensive in the Ardennes. Despite initial success, Allied resistance and counterattacks ultimately led to a German defeat, marking the end of large-scale German offensives in the West."""
"""How did the Battle of the Philippine Sea contribute to the Allied advance in the Pacific, and what was its significance in naval warfare?""","""The Battle of the Philippine Sea (1944) was a decisive naval battle in the Pacific. The U.S. victory eliminated much of Japan's carrier-based air power, paving the way for further Allied advances in the Pacific."""
"""What were the main goals and outcomes of the Tehran Conference, and how did it impact the coordination among Allied leaders?""","""The Tehran Conference (1943) involved Roosevelt, Churchill, and Stalin. Goals included coordination of Allied strategies and discussions about post-war plans. The outcomes set the stage for subsequent Allied conferences and military campaigns."""
"""What was the significance of the Battle of Okinawa in the Pacific theater, and how did it influence the decision to use atomic bombs on Japan?""","""The Battle of Okinawa (1945) was a major amphibious assault, resulting in heavy casualties. Its outcome influenced the decision to use atomic bombs on Japan, as it underscored the challenges of a mainland invasion."""
"""How did the Battle of Dunkirk unfold, and what were the evacuation efforts by the Allies during this critical moment in World War II?""","""The Battle of Dunkirk (1940) was a massive evacuation of Allied troops from the beaches of Dunkirk, France. Civilian vessels, along with military ships, helped rescue over 300,000 Allied soldiers, preventing a total disaster for the Allies."""
"""What was the role of the Navajo Code Talkers during World War II, and how did their code contribute to secure communication for the U.S. Marines?""","""Navajo Code Talkers were Native Americans who used their language as an unbreakable code for secure communication. They played a crucial role in the Pacific theater, providing a vital and unbreakable code for U.S. Marines."""
"""How did the Battle of Anzio unfold during the Italian Campaign, and what were its strategic implications for the Allies and Axis forces?""","""The Battle of Anzio (1944) was an amphibious operation in Italy. Despite initial successes, the Allies faced fierce German resistance. The stalemate had strategic implications, influencing the overall progress of the Italian Campaign."""
"""What was the role of the 442nd Regimental Combat Team in the European Theater, and how did their actions contribute to the Allied war effort?""","""The 442nd Regimental Combat Team was a unit composed mainly of Japanese American soldiers. They fought with distinction in the European Theater, becoming one of the most decorated units for their bravery and sacrifices."""
"""What was the impact of the Battle of Bataan in the Pacific theater, and how did it shape the early stages of the war in the Philippines?""","""The Battle of Bataan (1942) was a key engagement in the Philippines. Despite fierce resistance, U.S. and Filipino forces were compelled to surrender, marking the beginning of the Japanese occupation of the Philippines."""
"""What were the goals and outcomes of the Yalta Conference, and how did it contribute to shaping the post-war world order?""","""The Yalta Conference (1945) involved Roosevelt, Churchill, and Stalin. Goals included discussions about the post-war order, division of Germany, and the establishment of the United Nations, shaping the geopolitical landscape after World War II."""
"""How did the Battle of Guadalcanal unfold, and what were its strategic implications for the Allied and Japanese forces in the Pacific?""","""The Battle of Guadalcanal (1942-1943) was a significant campaign in the Pacific. Allied forces, primarily"
"""What was the significance of the Battle of Monte Cassino in the Italian Campaign, and how did it impact the Allied advance in Italy?""","""The Battle of Monte Cassino (1944) was a series of battles fought in Italy. Its capture by Allied forces opened the way for the liberation of Rome and marked a crucial step in the Italian Campaign."""
"""How did the Battle of Iwo Jima unfold during the Pacific island-hopping campaign, and what was its impact on the war against Japan?""","""The Battle of Iwo Jima (1945) was a pivotal engagement in the Pacific. The capture of the island provided a strategic base for U.S. bombers and played a significant role in the air campaign against Japan."""
"""What were the goals and outcomes of the Cairo Conference, and how did it shape Allied strategies in the Asia-Pacific theater?""","""The Cairo Conference (1943) involved Roosevelt, Churchill, and Chiang Kai-shek. The outcomes included discussions on post-war Asia, reaffirming the policy of unconditional surrender for Japan and promoting cooperation among the Allies."""
"""What was the role of the Manhattan Engineer District in the development of atomic weapons during World War II, and how did it lead to the creation of the atomic bomb?""","""The Manhattan Engineer District, also known as the Manhattan Project, oversaw the development of atomic weapons during World War II. It brought together top scientists to work on the atomic bomb, leading to its successful creation."""
"""How did the Battle of Tarawa in the Pacific theater impact the island-hopping strategy, and what lessons were learned by the Allied forces?""","""The Battle of Tarawa (1943) was a critical test of the island-hopping strategy. It highlighted the challenges of amphibious assaults, leading to improvements in tactics and equipment for future Pacific operations."""
"""What was the role of the Battle of Stalingrad in the Eastern Front, and how did it influence the course of World War II?""","""The Battle of Stalingrad (1942-1943) was a turning point in the Eastern Front. The Soviet victory marked the first major German defeat and contributed to the overall decline of Nazi Germany in the later stages of the war."""
"""How did the Battle of Kursk become a decisive engagement on the Eastern Front, and what were its strategic implications for the Soviet Union and Germany?""","""The Battle of Kursk (1943) was a major tank battle on the Eastern Front. The Soviet victory marked a turning point, halting the German advance and paving the way for the Soviet counteroffensive, ultimately leading to the liberation of Eastern Europe."""
"""What were the key events and outcomes of the Tehran Conference, and how did it impact the coordination of Allied efforts in World War II?""","""The Tehran Conference (1943) brought together Roosevelt, Churchill, and Stalin. Key outcomes included agreement on the opening of a second front in Western Europe and discussions about post-war plans, strengthening the coordination of Allied efforts."""
"""What was the significance of the Battle of Leyte Gulf in the Pacific theater, and how did it contribute to the liberation of the Philippines?""","""The Battle of Leyte Gulf (1944) was a decisive naval battle in the Pacific. The Allied victory secured the liberation of the Philippines and marked a turning point in the Pacific campaign against Japan."""
"""How did the Battle of the Atlantic unfold, and what were the key strategies employed by both Allied and Axis forces in the struggle for control of shipping routes?""","""The Battle of the Atlantic (1939-1945) involved the struggle for control of shipping routes. U-boats and Allied naval forces engaged in submarine warfare and convoy protection, influencing the flow of supplies between North America and Europe."""
"""What was the impact of the Battle of Berlin on the Eastern Front, and how did it contribute to the Soviet advance towards Germany?""","""The Battle of Berlin (1945) was a crucial engagement on the Eastern Front. The Soviet victory in capturing Berlin marked the end of Nazi Germany and the final stages of World War II in Europe."""
"""How did the Battle of Midway become a turning point in the Pacific theater, and what were its strategic implications for the United States and Japan?""","""The Battle of Midway (1942) was a turning point in the Pacific. The U.S. victory over the Japanese fleet weakened Japan's naval power and shifted the momentum in favor of the Allies."""
"""What was the role of the Manhattan Project in the development of nuclear weapons, and how did it impact the outcome of World War II?""","""The Manhattan Project (1939-1945) was a research and development project that produced the first nuclear weapons. It played a pivotal role in the Allied victory, as atomic bombs were dropped on Hiroshima and Nagasaki, hastening Japan's surrender."""
"""What were the goals and outcomes of the Yalta Conference, and how did it contribute to shaping the post-war world order?""","""The Yalta Conference (1945) involved Roosevelt, Churchill, and Stalin. Goals included discussions about the post-war order, division of Germany, and the establishment of the United Nations, shaping the geopolitical landscape after World War II."""
"""How did the Battle of Okinawa impact the Allied strategy in the Pacific, and what were its implications for the planned invasion of Japan?""","""The Battle of Okinawa (1945) was a major amphibious assault in the Pacific. Its outcome influenced the decision to use atomic bombs on Japan, as it underscored the challenges of a mainland invasion."""
"""What was the significance of the Battle of Guadalcanal in the Pacific theater, and how did it contribute to the Allied strategy in the Solomon Islands?""","""The Battle of Guadalcanal (1942-1943) was a pivotal campaign in the Pacific. It marked the beginning of the Allies' offensive, leading to the eventual isolation and neutralization of Japanese forces in the Solomon Islands."""
"""What were the key elements of the Battle of the Bulge, and how did it impact the Western Front during the winter of 1944-1945?""","""The Battle of the Bulge (1944-1945) was a German offensive in the Ardennes. Despite initial success, Allied resistance and counterattacks ultimately led to a German defeat, marking the end of large-scale German offensives in the West."""
"""How did the Battle of Ia Drang become a significant engagement in the Vietnam War, and what were its implications for future U.S. military strategies?""","""The Battle of Ia Drang (1965) was a major battle in the Vietnam War, marking the first large-scale engagement between U.S. and North Vietnamese forces. It influenced military strategies and tactics in the subsequent years of the conflict."""
"""What was the role of the Chindits in the Burma Campaign, and how did they contribute to Allied efforts in Southeast Asia?""","""The Chindits were a special force organized by British Army officer Orde Wingate for guerrilla warfare in the Burma Campaign. They conducted deep penetration missions behind Japanese lines, disrupting enemy communication and supply lines."""
"""How did the Battle of the Coral Sea impact naval warfare in the Pacific, and what were its strategic implications for the Allies and Japan?""","""The Battle of the Coral Sea (1942) was a pivotal naval battle that introduced carrier-based aircraft. While inconclusive, it halted Japanese expansion and demonstrated the significance of naval air power in future Pacific engagements."""
"""What was the role of the British Royal Air Force (RAF) in the Battle of Britain, and how did it contribute to the defense against German air attacks?""","""The RAF played a crucial role in the Battle of Britain (1940), defending against German air attacks. Their successful resistance marked a turning point in the war, preventing a German invasion of Britain and boosting Allied morale."""
"""What were the key developments in radar technology during World War II, and how did it impact military strategies?""","""Radar technology played a crucial role in air defense and military strategies during World War II. It provided early warning of enemy aircraft and influenced tactical decisions in various theaters."""
"""What were the consequences of the V-2 rocket attacks on Allied cities during World War II, and how did it influence later missile development?""","""The V-2 rocket attacks on Allied cities had devastating consequences. Although not militarily decisive, they marked the beginning of missile attacks and influenced later developments in rocket technology."""
"""What was the role of the French Resistance during the German occupation, and how did it contribute to the Allied war effort?""","""The French Resistance played a vital role in resisting German occupation. It conducted sabotage, espionage, and provided intelligence to the Allies, contributing significantly to the liberation of France."""
"""How did the Battle of Leyte Gulf contribute to the liberation of the Philippines, and what were its implications for naval warfare in the Pacific?""","""The Battle of Leyte Gulf (1944) was a major naval battle in the Pacific. The Allied victory secured the liberation of the Philippines and demonstrated the importance of naval air power in the Pacific theater."""
"""What was the impact of the U.S. internment of Japanese Americans during World War II, and how did it affect the lives of those interned?""","""The U.S. internment of Japanese Americans during World War II had significant consequences. It led to the forced relocation and detention of thousands of Japanese Americans, resulting in social, economic, and psychological hardships."""
"""How did the Battle of the Bulge affect the overall progress of the Western Front, and what were its implications for Allied and German forces?""","""The Battle of the Bulge (1944-1945) was a German offensive in the Ardennes. Despite initial successes, Allied resistance and counterattacks led to a German defeat, impacting the overall progress of the Western Front."""
"""What were the goals and outcomes of the Casablanca Conference, and how did it shape Allied strategies in North Africa and the Mediterranean?""","""The Casablanca Conference (1943) involved Allied leaders, including Roosevelt and Churchill. Outcomes included the policy of unconditional surrender for the Axis powers and the decision to launch the Italian Campaign in the Mediterranean theater."""
"""What was the role of the Office of War Information (OWI) in shaping public perception during World War II, and what were its key propaganda initiatives?""","""The Office of War Information (OWI) played a crucial role in shaping public perception during World War II. It used various media and propaganda initiatives to maintain morale and support for the war effort."""
"""How did the Battle of the Coral Sea contribute to the Allied strategy in the Pacific, and what were its implications for naval warfare?""","""The Battle of the Coral Sea (1942) was a pivotal naval battle. While inconclusive, it halted Japanese expansion and marked the first carrier vs. carrier engagement, influencing subsequent naval strategies in the Pacific."""
"""What was the impact of the Warsaw Uprising in 1944, and how did it reflect the resistance against German occupation?""","""The Warsaw Uprising (1944) was a major act of resistance against German occupation. Despite its suppression, it symbolized the spirit of resistance and national pride in the face of adversity."""
"""What were the goals and outcomes of the Tehran Conference held in 1943, and how did it impact the coordination among Allied leaders?""","""The Tehran Conference (1943) aimed to coordinate Allied strategies against the Axis powers. Outcomes included agreements on opening a second front in Western Europe and discussions about post-war plans."""
"""How did the Battle of Guadalcanal influence the course of the Pacific theater, and what were its strategic implications for the Allies and Japan?""","""The Battle of Guadalcanal (1942-1943) was a pivotal campaign in the Pacific. It marked the Allies' first offensive, leading to the eventual isolation and neutralization of Japanese forces in the Solomon Islands."""
"""What was the significance of the Battle of the Scheldt in the European Campaign, and how did it impact the Allied advance in Western Europe?""","""The Battle of the Scheldt (1944) aimed to open the port of Antwerp for Allied use. Its success facilitated the flow of supplies to the front lines and played a crucial role in the Allied advance in Western Europe."""
"""How did the Nomonhan Incident in 1939 impact Japanese-Soviet relations and influence Japanese military strategy before World War II?""","""The Nomonhan Incident (1939) was a border conflict between Japan and the Soviet Union. The decisive Soviet victory influenced Japanese military strategy, leading them to focus on the Pacific rather than northern expansion."""
"""What was the role of the Lend-Lease Act in World War II, and which countries benefited from it?""","""The Lend-Lease Act (1941) allowed the U.S. to provide military aid to Allied nations, including the Soviet Union, the United Kingdom, China, and others, without immediate payment."""
"""How did the Battle of Attu in the Aleutian Islands impact the Pacific theater, and what were its strategic implications for the United States?""","""The Battle of Attu (1943) was a U.S. operation to recapture the Aleutian Islands from Japanese forces. Its success marked the first time U.S. territory occupied by a foreign power was retaken during World War II."""
"""What were the key features of the Battle of Kasserine Pass in North Africa, and how did it influence subsequent Allied strategies in the region?""","""The Battle of Kasserine Pass (1943) was a significant engagement in North Africa. The Allied defeat led to reassessments of tactics and leadership, influencing subsequent strategies in the Mediterranean theater."""
"""How did the Allied strategy of strategic bombing evolve during World War II, and what were the key targets and challenges faced?""","""The Allied strategy of strategic bombing evolved during World War II, with a shift toward targeting industrial and civilian areas. Key targets included German cities, but challenges such as accuracy and enemy defenses persisted."""
"""What were the goals and outcomes of the Potsdam Conference in 1945, and how did it contribute to the post-war reconstruction of Europe?""","""The Potsdam Conference (1945) involved Allied leaders discussing the post-war order. Outcomes included the division of Germany and the beginning of Cold War tensions, shaping the reconstruction of Europe."""
"""How did the Battle of Tarawa in the Pacific theater impact the island-hopping strategy, and what lessons were learned by the Allied forces?""","""The Battle of Tarawa (1943) was a critical test of the island-hopping strategy. It highlighted the challenges of amphibious assaults, leading to improvements in tactics and equipment for future Pacific operations."""
"""What were the main contributions of the Tuskegee Airmen during World War II, and how did they impact the integration of the U.S. military?""","""The Tuskegee Airmen were a group of African American pilots and support personnel. Their impressive combat record in the European Theater contributed to the eventual desegregation of the U.S. military."""
"""How did the Battle of Anzio unfold during the Italian Campaign, and what were its strategic implications for the Allies and Axis forces?""","""The Battle of Anzio (1944) was an amphibious operation in Italy. Despite initial successes, the Allies faced fierce German resistance. The stalemate had strategic implications, influencing the overall progress of the Italian Campaign."""
"""What was the significance of the Battle of the Atlantic in terms of the U-boat campaign, and how did it impact the Allied supply lines?""","""The Battle of the Atlantic (1939-1945) involved a U-boat campaign by German submarines. It posed a significant threat to Allied supply lines, and the Allies implemented various strategies to counter the U-boat menace."""
"""What role did espionage play in World War II, and how did intelligence agencies such as MI6 and the OSS contribute to the war effort?""","""Espionage played a crucial role in World War II. Intelligence agencies like MI6 (British) and the OSS (American) conducted covert operations, gathered crucial information, and supported resistance movements, contributing to the war effort."""
"""How did the Battle of Saipan contribute to the Allied strategy in the Pacific, and what was its impact on the war against Japan?""","""The Battle of Saipan (1944) was a significant U.S. victory in the Pacific. Its capture provided a base for B-29 bombers, influencing the air campaign against Japan and setting the stage for further Allied advances."""
"""What was the role of the Red Ball Express during the Allied advance in Western Europe, and how did it contribute to logistical support?""","""The Red Ball Express was a logistical operation during the Allied advance in Western Europe. It involved a massive truck convoy system that provided crucial logistical support, ensuring a steady flow of supplies to front-line troops."""
"""How did the Warsaw Uprising of 1944 impact the post-war division of Europe, and what were the consequences for Poland?""","""The Warsaw Uprising of 1944, while unsuccessful, had significant consequences. It influenced the post-war division of Europe and contributed to the Soviet influence in Eastern Europe, particularly in Poland."""
"""What was the role of the Enigma machine in German communications, and how did the Allies work to decipher its codes during World War II?""","""The Enigma machine was a German encryption device used for secure communications. The Allies, particularly British codebreakers at Bletchley Park, successfully deciphered Enigma-encoded messages, providing crucial intelligence."""
"""How did the Battle of Bataan unfold during the Pacific theater, and what were the challenges faced by Allied forces in the Philippines?""","""The Battle of Bataan (1942) was a key engagement in the Philippines. Allied forces faced overwhelming odds and eventually surrendered, leading to the infamous Bataan Death March and the Japanese occupation of the Philippines."""
"""What were the key elements of the Battle of Kasserine Pass in North Africa, and how did it impact the North African Campaign during World War II?""","""The Battle of Kasserine Pass (1943) was a significant engagement in North Africa. The Axis forces initially had success, but the Allies learned valuable lessons, leading to improved coordination and tactics in subsequent battles."""
"""How did the Battle of Peleliu in the Pacific theater impact the island-hopping strategy, and what lessons were learned by the Allied forces?""","""The Battle of Peleliu (1944) was a challenging amphibious assault in the Pacific. Its fierce resistance from Japanese forces led to reevaluations in Allied amphibious tactics, influencing subsequent island-hopping operations."""
"""What was the significance of the Battle of Crete in the Mediterranean theater, and how did it influence airborne warfare?""","""The Battle of Crete (1941) was a German airborne invasion of the island. Despite German victory, the high casualties suffered led to a reevaluation of airborne tactics and strategies by both Allied and Axis forces."""
"""How did the Battle of Leyte Gulf impact the naval balance of power in the Pacific, and what were its implications for the Philippines?""","""The Battle of Leyte Gulf (1944) was a major naval battle in the Pacific. The Allied victory secured the liberation of the Philippines and marked a turning point in the naval balance of power."""
"""What was the role of the Doolittle Raid on Tokyo, and how did it affect Japanese morale and strategy during World War II?""","""The Doolittle Raid (1942) was a U.S. air raid on Tokyo and other Japanese cities. While the physical damage was limited, it had a psychological impact, boosting Allied morale and prompting changes in Japanese strategy."""
"""How did the Battle of the Java Sea unfold, and what were its consequences for the Allied naval forces in Southeast Asia?""","""The Battle of the Java Sea (1942) was a naval battle in Southeast Asia. The Allies suffered a significant defeat, losing several ships, which had consequences for the overall naval situation in the region."""
"""What was the role of the 442nd Regimental Combat Team in the European Theater, and how did their actions contribute to the Allied war effort?""","""The 442nd Regimental Combat Team was a unit composed mainly of Japanese American soldiers. They fought with distinction in the European Theater, becoming one of the most decorated units for their bravery and sacrifices."""
"""How did the Battle of Okinawa impact the planned invasion of Japan, and what were its implications for the broader Pacific strategy?""","""The Battle of Okinawa (1945) was a major amphibious assault. Its high casualties influenced the decision to use atomic bombs on Japan, as it underscored the challenges of a mainland invasion and the anticipated resistance from Japanese forces."""
"""What was the significance of the Battle of Stalingrad in the Eastern Front, and how did it contribute to the turning tide against Nazi Germany?""","""The Battle of Stalingrad (1942-1943) was a turning point on the Eastern Front. The Soviet victory marked the first major German defeat and contributed to the overall turning tide against Nazi Germany."""
"""How did the Battle of Monte Cassino impact the Allied advance in Italy, and what were the challenges faced by the Allied forces?""","""The Battle of Monte Cassino (1944) was a series of battles in Italy. The Allies faced challenges in capturing the heavily fortified monastery, but its eventual capture opened the way for the liberation of Rome and further Allied advances."""
"""What were the key features of the Battle of Midway, and how did it become a decisive turning point in the Pacific theater?""","""The Battle of Midway (1942) was a decisive naval battle in the Pacific. The U.S. victory over the Japanese fleet weakened Japan's naval power and marked a turning point in favor of the Allies."""
